year,region,province,population
1998,País Vasco,Álava,186185
1998,Castilla-La Mancha,Albacete,207595
1998,C. Valenciana,Alicante,826576
1998,Andalucía,Almería,299675
1998,Castilla y León,Ávila,93767
1998,Extremadura,Badajoz,382000
1998,Islas Baleares,Baleares,494530
1998,Cataluña,Barcelona,2941205
1998,Castilla y León,Burgos,209008
1998,Extremadura,Cáceres,230759
1998,Andalucía,Cádiz,671933
1998,C. Valenciana,Castellón,277755
1998,Castilla-La Mancha,Ciudad Real,271238
1998,Andalucía,Córdoba,446658
1998,Galicia,"Coruña, A",683372
1998,Castilla-La Mancha,Cuenca,110301
1998,Cataluña,Gerona,329927
1998,Andalucía,Granada,471432
1998,Castilla-La Mancha,Guadalajara,91985
1998,País Vasco,Guipúzcoa,437891
1998,Andalucía,Huelva,267780
1998,Aragón,Huesca,118322
1998,Andalucía,Jaén,359958
1998,Castilla y León,León,296166
1998,Cataluña,Lérida,211794
1998,La Rioja,"Rioja, La",160085
1998,Galicia,Lugo,208093
1998,Madrid,Madrid,3256309
1998,Andalucía,Málaga,752644
1998,Murcia,Murcia,662881
1998,Navarra,Navarra,329954
1998,Galicia,Orense,194830
1998,Asturias,Asturias,666446
1998,Castilla y León,Palencia,105038
1998,Canarias,"Palmas, Las",542672
1998,Galicia,Pontevedra,556843
1998,Castilla y León,Salamanca,205706
1998,Canarias,"Tenerife, S.C.",492342
1998,Cantabria,Cantabria,322612
1998,Castilla y León,Segovia,84483
1998,Andalucía,Sevilla,1038907
1998,Castilla y León,Soria,51135
1998,Cataluña,Tarragona,352763
1998,Aragón,Teruel,74808
1998,Castilla-La Mancha,Toledo,295993
1998,C. Valenciana,Valencia,1347776
1998,Castilla y León,Valladolid,312328
1998,País Vasco,Vizcaya,733868
1998,Castilla y León,Zamora,114427
1998,Aragón,Zaragoza,515445
1998,Ceuta,Ceuta,42992
1998,Melilla,Melilla,34765
1999,País Vasco,Álava,187867
1999,Castilla-La Mancha,Albacete,209989
1999,C. Valenciana,Alicante,856333
1999,Andalucía,Almería,306362
1999,Castilla y León,Ávila,93538
1999,Extremadura,Badajoz,381979
1999,Islas Baleares,Baleares,513960
1999,Cataluña,Barcelona,2971795
1999,Castilla y León,Burgos,209928
1999,Extremadura,Cáceres,236101
1999,Andalucía,Cádiz,681488
1999,C. Valenciana,Castellón,283405
1999,Castilla-La Mancha,Ciudad Real,271600
1999,Andalucía,Córdoba,447407
1999,Galicia,"Coruña, A",687417
1999,Castilla-La Mancha,Cuenca,110884
1999,Cataluña,Gerona,337228
1999,Andalucía,Granada,480187
1999,Castilla-La Mancha,Guadalajara,93694
1999,País Vasco,Guipúzcoa,437245
1999,Andalucía,Huelva,272015
1999,Aragón,Huesca,118691
1999,Andalucía,Jaén,369971
1999,Castilla y León,León,296133
1999,Cataluña,Lérida,213584
1999,La Rioja,"Rioja, La",161787
1999,Galicia,Lugo,207769
1999,Madrid,Madrid,3307488
1999,Andalucía,Málaga,768356
1999,Murcia,Murcia,676838
1999,Navarra,Navarra,333877
1999,Galicia,Orense,195652
1999,Asturias,Asturias,670824
1999,Castilla y León,Palencia,105373
1999,Canarias,"Palmas, Las",561178
1999,Galicia,Pontevedra,562855
1999,Castilla y León,Salamanca,206204
1999,Canarias,"Tenerife, S.C.",510710
1999,Cantabria,Cantabria,325350
1999,Castilla y León,Segovia,84558
1999,Andalucía,Sevilla,1052798
1999,Castilla y León,Soria,50883
1999,Cataluña,Tarragona,359059
1999,Aragón,Teruel,74533
1999,Castilla-La Mancha,Toledo,299716
1999,C. Valenciana,Valencia,1365035
1999,Castilla y León,Valladolid,315614
1999,País Vasco,Vizcaya,735952
1999,Castilla y León,Zamora,113879
1999,Aragón,Zaragoza,518920
1999,Ceuta,Ceuta,44419
1999,Melilla,Melilla,33674
2000,País Vasco,Álava,189402
2000,Castilla-La Mancha,Albacete,212501
2000,C. Valenciana,Alicante,883651
2000,Andalucía,Almería,312653
2000,Castilla y León,Ávila,93397
2000,Extremadura,Badajoz,383345
2000,Islas Baleares,Baleares,536089
2000,Cataluña,Barcelona,3011881
2000,Castilla y León,Burgos,210890
2000,Extremadura,Cáceres,236883
2000,Andalucía,Cádiz,693922
2000,C. Valenciana,Castellón,290305
2000,Castilla-La Mancha,Ciudad Real,271599
2000,Andalucía,Córdoba,451508
2000,Galicia,"Coruña, A",691668
2000,Castilla-La Mancha,Cuenca,111166
2000,Cataluña,Gerona,348097
2000,Andalucía,Granada,484368
2000,Castilla-La Mancha,Guadalajara,96838
2000,País Vasco,Guipúzcoa,440028
2000,Andalucía,Huelva,276478
2000,Aragón,Huesca,119446
2000,Andalucía,Jaén,370176
2000,Castilla y León,León,294988
2000,Cataluña,Lérida,216583
2000,La Rioja,"Rioja, La",162429
2000,Galicia,Lugo,207919
2000,Madrid,Madrid,3369275
2000,Andalucía,Málaga,787957
2000,Murcia,Murcia,694147
2000,Navarra,Navarra,340418
2000,Galicia,Orense,196134
2000,Asturias,Asturias,669770
2000,Castilla y León,Palencia,105471
2000,Canarias,"Palmas, Las",584244
2000,Galicia,Pontevedra,570388
2000,Castilla y León,Salamanca,206247
2000,Canarias,"Tenerife, S.C.",527025
2000,Cantabria,Cantabria,330168
2000,Castilla y León,Segovia,84861
2000,Andalucía,Sevilla,1066643
2000,Castilla y León,Soria,50910
2000,Cataluña,Tarragona,368471
2000,Aragón,Teruel,74764
2000,Castilla-La Mancha,Toledo,304331
2000,C. Valenciana,Valencia,1385000
2000,Castilla y León,Valladolid,318820
2000,País Vasco,Vizcaya,735300
2000,Castilla y León,Zamora,113435
2000,Aragón,Zaragoza,522292
2000,Ceuta,Ceuta,46146
2000,Melilla,Melilla,40054
2001,País Vasco,Álava,191390
2001,Castilla-La Mancha,Albacete,216461
2001,C. Valenciana,Alicante,919689
2001,Andalucía,Almería,326046
2001,Castilla y León,Ávila,93206
2001,Extremadura,Badajoz,384766
2001,Islas Baleares,Baleares,563763
2001,Cataluña,Barcelona,3066994
2001,Castilla y León,Burgos,212894
2001,Extremadura,Cáceres,237909
2001,Andalucía,Cádiz,703661
2001,C. Valenciana,Castellón,300203
2001,Castilla-La Mancha,Ciudad Real,273881
2001,Andalucía,Córdoba,453744
2001,Galicia,"Coruña, A",695370
2001,Castilla-La Mancha,Cuenca,111674
2001,Cataluña,Gerona,359554
2001,Andalucía,Granada,490209
2001,Castilla-La Mancha,Guadalajara,101363
2001,País Vasco,Guipúzcoa,440228
2001,Andalucía,Huelva,281089
2001,Aragón,Huesca,120244
2001,Andalucía,Jaén,371363
2001,Castilla y León,León,293628
2001,Cataluña,Lérida,219301
2001,La Rioja,"Rioja, La",167232
2001,Galicia,Lugo,207579
2001,Madrid,Madrid,3511555
2001,Andalucía,Málaga,809227
2001,Murcia,Murcia,731292
2001,Navarra,Navarra,350649
2001,Galicia,Orense,196044
2001,Asturias,Asturias,672221
2001,Castilla y León,Palencia,105380
2001,Canarias,"Palmas, Las",607263
2001,Galicia,Pontevedra,576063
2001,Castilla y León,Salamanca,207040
2001,Canarias,"Tenerife, S.C.",554254
2001,Cantabria,Cantabria,336441
2001,Castilla y León,Segovia,85310
2001,Andalucía,Sevilla,1081691
2001,Castilla y León,Soria,51273
2001,Cataluña,Tarragona,379827
2001,Aragón,Teruel,74689
2001,Castilla-La Mancha,Toledo,312342
2001,C. Valenciana,Valencia,1411854
2001,Castilla y León,Valladolid,322221
2001,País Vasco,Vizcaya,735083
2001,Castilla y León,Zamora,112892
2001,Aragón,Zaragoza,531943
2001,Ceuta,Ceuta,46854
2001,Melilla,Melilla,41384
2002,País Vasco,Álava,193896
2002,Castilla-La Mancha,Albacete,220728
2002,C. Valenciana,Alicante,970907
2002,Andalucía,Almería,336602
2002,Castilla y León,Ávila,93702
2002,Extremadura,Badajoz,385387
2002,Islas Baleares,Baleares,594808
2002,Cataluña,Barcelona,3144227
2002,Castilla y León,Burgos,215556
2002,Extremadura,Cáceres,239550
2002,Andalucía,Cádiz,715431
2002,C. Valenciana,Castellón,314145
2002,Castilla-La Mancha,Ciudad Real,278873
2002,Andalucía,Córdoba,456223
2002,Galicia,"Coruña, A",698560
2002,Castilla-La Mancha,Cuenca,112495
2002,Cataluña,Gerona,373671
2002,Andalucía,Granada,497371
2002,Castilla-La Mancha,Guadalajara,106297
2002,País Vasco,Guipúzcoa,442303
2002,Andalucía,Huelva,285681
2002,Aragón,Huesca,122801
2002,Andalucía,Jaén,373664
2002,Castilla y León,León,292696
2002,Cataluña,Lérida,224627
2002,La Rioja,"Rioja, La",175586
2002,Galicia,Lugo,206813
2002,Madrid,Madrid,3639350
2002,Andalucía,Málaga,832596
2002,Murcia,Murcia,760725
2002,Navarra,Navarra,360600
2002,Galicia,Orense,195716
2002,Asturias,Asturias,673324
2002,Castilla y León,Palencia,105214
2002,Canarias,"Palmas, Las",628764
2002,Galicia,Pontevedra,581271
2002,Castilla y León,Salamanca,205915
2002,Canarias,"Tenerife, S.C.",580801
2002,Cantabria,Cantabria,342076
2002,Castilla y León,Segovia,87066
2002,Andalucía,Sevilla,1094968
2002,Castilla y León,Soria,51579
2002,Cataluña,Tarragona,394516
2002,Aragón,Teruel,76029
2002,Castilla-La Mancha,Toledo,321467
2002,C. Valenciana,Valencia,1448473
2002,Castilla y León,Valladolid,325737
2002,País Vasco,Vizcaya,735211
2002,Castilla y León,Zamora,111873
2002,Aragón,Zaragoza,542427
2002,Ceuta,Ceuta,47350
2002,Melilla,Melilla,41604
2003,País Vasco,Álava,196100
2003,Castilla-La Mancha,Albacete,224796
2003,C. Valenciana,Alicante,1023633
2003,Andalucía,Almería,351581
2003,Castilla y León,Ávila,94412
2003,Extremadura,Badajoz,387764
2003,Islas Baleares,Baleares,618928
2003,Cataluña,Barcelona,3255768
2003,Castilla y León,Burgos,217904
2003,Extremadura,Cáceres,240461
2003,Andalucía,Cádiz,729219
2003,C. Valenciana,Castellón,327031
2003,Castilla-La Mancha,Ciudad Real,282640
2003,Andalucía,Córdoba,461778
2003,Galicia,"Coruña, A",707287
2003,Castilla-La Mancha,Cuenca,113787
2003,Cataluña,Gerona,389615
2003,Andalucía,Granada,505476
2003,Castilla-La Mancha,Guadalajara,112091
2003,País Vasco,Guipúzcoa,443437
2003,Andalucía,Huelva,291680
2003,Aragón,Huesca,124936
2003,Andalucía,Jaén,376729
2003,Castilla y León,León,292869
2003,Cataluña,Lérida,230434
2003,La Rioja,"Rioja, La",180292
2003,Galicia,Lugo,206868
2003,Madrid,Madrid,3787603
2003,Andalucía,Málaga,864479
2003,Murcia,Murcia,791910
2003,Navarra,Navarra,366672
2003,Galicia,Orense,195505
2003,Asturias,Asturias,677780
2003,Castilla y León,Palencia,105054
2003,Canarias,"Palmas, Las",650059
2003,Galicia,Pontevedra,588886
2003,Castilla y León,Salamanca,207356
2003,Canarias,"Tenerife, S.C.",599012
2003,Cantabria,Cantabria,348470
2003,Castilla y León,Segovia,88259
2003,Andalucía,Sevilla,1117254
2003,Castilla y León,Soria,51521
2003,Cataluña,Tarragona,411861
2003,Aragón,Teruel,77387
2003,Castilla-La Mancha,Toledo,333715
2003,C. Valenciana,Valencia,1487012
2003,Castilla y León,Valladolid,330697
2003,País Vasco,Vizcaya,735834
2003,Castilla y León,Zamora,111557
2003,Aragón,Zaragoza,549488
2003,Ceuta,Ceuta,46545
2003,Melilla,Melilla,41146
2004,País Vasco,Álava,197352
2004,Castilla-La Mancha,Albacete,227842
2004,C. Valenciana,Alicante,1047530
2004,Andalucía,Almería,363149
2004,Castilla y León,Ávila,95376
2004,Extremadura,Badajoz,392010
2004,Islas Baleares,Baleares,626317
2004,Cataluña,Barcelona,3305027
2004,Castilla y León,Burgos,219707
2004,Extremadura,Cáceres,242091
2004,Andalucía,Cádiz,739683
2004,C. Valenciana,Castellón,334976
2004,Castilla-La Mancha,Ciudad Real,288526
2004,Andalucía,Córdoba,466446
2004,Galicia,"Coruña, A",711020
2004,Castilla-La Mancha,Cuenca,115715
2004,Cataluña,Gerona,402834
2004,Andalucía,Granada,516324
2004,Castilla-La Mancha,Guadalajara,118733
2004,País Vasco,Guipúzcoa,444570
2004,Andalucía,Huelva,297059
2004,Aragón,Huesca,127012
2004,Andalucía,Jaén,380684
2004,Castilla y León,León,292976
2004,Cataluña,Lérida,237095
2004,La Rioja,"Rioja, La",185184
2004,Galicia,Lugo,207043
2004,Madrid,Madrid,3851102
2004,Andalucía,Málaga,885175
2004,Murcia,Murcia,809576
2004,Navarra,Navarra,371263
2004,Galicia,Orense,195575
2004,Asturias,Asturias,680444
2004,Castilla y León,Palencia,105308
2004,Canarias,"Palmas, Las",657427
2004,Galicia,Pontevedra,593910
2004,Castilla y León,Salamanca,210074
2004,Canarias,"Tenerife, S.C.",612276
2004,Cantabria,Cantabria,353790
2004,Castilla y León,Segovia,89967
2004,Andalucía,Sevilla,1130554
2004,Castilla y León,Soria,52265
2004,Cataluña,Tarragona,427515
2004,Aragón,Teruel,78576
2004,Castilla-La Mancha,Toledo,345402
2004,C. Valenciana,Valencia,1516683
2004,Castilla y León,Valladolid,333978
2004,País Vasco,Vizcaya,736170
2004,Castilla y León,Zamora,111529
2004,Aragón,Zaragoza,563660
2004,Ceuta,Ceuta,46232
2004,Melilla,Melilla,40887
2005,País Vasco,Álava,200480
2005,Castilla-La Mancha,Albacete,233480
2005,C. Valenciana,Alicante,1102025
2005,Andalucía,Almería,391463
2005,Castilla y León,Ávila,97020
2005,Extremadura,Badajoz,399976
2005,Islas Baleares,Baleares,648592
2005,Cataluña,Barcelona,3392940
2005,Castilla y León,Burgos,224167
2005,Extremadura,Cáceres,244377
2005,Andalucía,Cádiz,754297
2005,C. Valenciana,Castellón,348588
2005,Castilla-La Mancha,Ciudad Real,296775
2005,Andalucía,Córdoba,473291
2005,Galicia,"Coruña, A",718434
2005,Castilla-La Mancha,Cuenca,119555
2005,Cataluña,Gerona,424900
2005,Andalucía,Granada,532489
2005,Castilla-La Mancha,Guadalajara,126276
2005,País Vasco,Guipúzcoa,445846
2005,Andalucía,Huelva,303864
2005,Aragón,Huesca,130155
2005,Andalucía,Jaén,387823
2005,Castilla y León,León,296961
2005,Cataluña,Lérida,250079
2005,La Rioja,"Rioja, La",191372
2005,Galicia,Lugo,208261
2005,Madrid,Madrid,3963035
2005,Andalucía,Málaga,927469
2005,Murcia,Murcia,843884
2005,Navarra,Navarra,377728
2005,Galicia,Orense,196329
2005,Asturias,Asturias,685990
2005,Castilla y León,Palencia,105907
2005,Canarias,"Palmas, Las",677602
2005,Galicia,Pontevedra,601679
2005,Castilla y León,Salamanca,212117
2005,Canarias,"Tenerife, S.C.",635579
2005,Cantabria,Cantabria,361346
2005,Castilla y León,Segovia,92579
2005,Andalucía,Sevilla,1149285
2005,Castilla y León,Soria,53266
2005,Cataluña,Tarragona,452055
2005,Aragón,Teruel,80677
2005,Castilla-La Mancha,Toledo,362459
2005,C. Valenciana,Valencia,1565454
2005,Castilla y León,Valladolid,337848
2005,País Vasco,Vizcaya,739458
2005,Castilla y León,Zamora,112125
2005,Aragón,Zaragoza,576581
2005,Ceuta,Ceuta,46388
2005,Melilla,Melilla,39361
2006,País Vasco,Álava,201045
2006,Castilla-La Mancha,Albacete,234695
2006,C. Valenciana,Alicante,1130363
2006,Andalucía,Almería,409795
2006,Castilla y León,Ávila,97912
2006,Extremadura,Badajoz,402894
2006,Islas Baleares,Baleares,660344
2006,Cataluña,Barcelona,3438565
2006,Castilla y León,Burgos,226536
2006,Extremadura,Cáceres,244583
2006,Andalucía,Cádiz,763707
2006,C. Valenciana,Castellón,358517
2006,Castilla-La Mancha,Ciudad Real,301500
2006,Andalucía,Córdoba,476313
2006,Galicia,"Coruña, A",719374
2006,Castilla-La Mancha,Cuenca,119294
2006,Cataluña,Gerona,440070
2006,Andalucía,Granada,542361
2006,Castilla-La Mancha,Guadalajara,133075
2006,País Vasco,Guipúzcoa,446008
2006,Andalucía,Huelva,310679
2006,Aragón,Huesca,131937
2006,Andalucía,Jaén,389352
2006,Castilla y León,León,299649
2006,Cataluña,Lérida,255959
2006,La Rioja,"Rioja, La",194651
2006,Galicia,Lugo,208222
2006,Madrid,Madrid,3973639
2006,Andalucía,Málaga,953389
2006,Murcia,Murcia,866772
2006,Navarra,Navarra,382539
2006,Galicia,Orense,196082
2006,Asturias,Asturias,687938
2006,Castilla y León,Palencia,106179
2006,Canarias,"Palmas, Las",686867
2006,Galicia,Pontevedra,604054
2006,Castilla y León,Salamanca,212354
2006,Canarias,"Tenerife, S.C.",645493
2006,Cantabria,Cantabria,365951
2006,Castilla y León,Segovia,93462
2006,Andalucía,Sevilla,1164367
2006,Castilla y León,Soria,53858
2006,Cataluña,Tarragona,468030
2006,Aragón,Teruel,81791
2006,Castilla-La Mancha,Toledo,374050
2006,C. Valenciana,Valencia,1592337
2006,Castilla y León,Valladolid,339673
2006,País Vasco,Vizcaya,739374
2006,Castilla y León,Zamora,112240
2006,Aragón,Zaragoza,579092
2006,Ceuta,Ceuta,46789
2006,Melilla,Melilla,40213
2007,País Vasco,Álava,202790
2007,Castilla-La Mancha,Albacete,238580
2007,C. Valenciana,Alicante,1157111
2007,Andalucía,Almería,416625
2007,Castilla y León,Ávila,99159
2007,Extremadura,Badajoz,408899
2007,Islas Baleares,Baleares,682399
2007,Cataluña,Barcelona,3445486
2007,Castilla y León,Burgos,228184
2007,Extremadura,Cáceres,245722
2007,Andalucía,Cádiz,774262
2007,C. Valenciana,Castellón,367556
2007,Castilla-La Mancha,Ciudad Real,306169
2007,Andalucía,Córdoba,480590
2007,Galicia,"Coruña, A",721318
2007,Castilla-La Mancha,Cuenca,122358
2007,Cataluña,Gerona,452742
2007,Andalucía,Granada,549512
2007,Castilla-La Mancha,Guadalajara,141424
2007,País Vasco,Guipúzcoa,446223
2007,Andalucía,Huelva,315999
2007,Aragón,Huesca,133924
2007,Andalucía,Jaén,393076
2007,Castilla y León,León,300445
2007,Cataluña,Lérida,259926
2007,La Rioja,"Rioja, La",195732
2007,Galicia,Lugo,208058
2007,Madrid,Madrid,4024388
2007,Andalucía,Málaga,971788
2007,Murcia,Murcia,880906
2007,Navarra,Navarra,383929
2007,Galicia,Orense,195209
2007,Asturias,Asturias,688444
2007,Castilla y León,Palencia,106655
2007,Canarias,"Palmas, Las",699992
2007,Galicia,Pontevedra,607287
2007,Castilla y León,Salamanca,211331
2007,Canarias,"Tenerife, S.C.",654379
2007,Cantabria,Cantabria,369982
2007,Castilla y León,Segovia,95920
2007,Andalucía,Sevilla,1176000
2007,Castilla y León,Soria,54166
2007,Cataluña,Tarragona,486523
2007,Aragón,Teruel,83857
2007,Castilla-La Mancha,Toledo,393558
2007,C. Valenciana,Valencia,1607963
2007,Castilla y León,Valladolid,340629
2007,País Vasco,Vizcaya,738357
2007,Castilla y León,Zamora,112637
2007,Aragón,Zaragoza,589979
2007,Ceuta,Ceuta,47194
2007,Melilla,Melilla,41860
2008,País Vasco,Álava,204768
2008,Castilla-La Mancha,Albacete,243375
2008,C. Valenciana,Alicante,1197788
2008,Andalucía,Almería,431713
2008,Castilla y León,Ávila,101395
2008,Extremadura,Badajoz,415956
2008,Islas Baleares,Baleares,712223
2008,Cataluña,Barcelona,3495619
2008,Castilla y León,Burgos,234251
2008,Extremadura,Cáceres,247554
2008,Andalucía,Cádiz,783535
2008,C. Valenciana,Castellón,383023
2008,Castilla-La Mancha,Ciudad Real,316647
2008,Andalucía,Córdoba,486197
2008,Galicia,"Coruña, A",725026
2008,Castilla-La Mancha,Cuenca,126543
2008,Cataluña,Gerona,470262
2008,Andalucía,Granada,563063
2008,Castilla-La Mancha,Guadalajara,152025
2008,País Vasco,Guipúzcoa,448375
2008,Andalucía,Huelva,324701
2008,Aragón,Huesca,137880
2008,Andalucía,Jaén,397580
2008,Castilla y León,León,303095
2008,Cataluña,Lérida,269003
2008,La Rioja,"Rioja, La",201314
2008,Galicia,Lugo,209072
2008,Madrid,Madrid,4154320
2008,Andalucía,Málaga,1001646
2008,Murcia,Murcia,904299
2008,Navarra,Navarra,392904
2008,Galicia,Orense,195025
2008,Asturias,Asturias,693681
2008,Castilla y León,Palencia,107191
2008,Canarias,"Palmas, Las",718920
2008,Galicia,Pontevedra,611260
2008,Castilla y León,Salamanca,213005
2008,Canarias,"Tenerife, S.C.",667517
2008,Cantabria,Cantabria,376380
2008,Castilla y León,Segovia,99647
2008,Andalucía,Sevilla,1192939
2008,Castilla y León,Soria,55164
2008,Cataluña,Tarragona,508159
2008,Aragón,Teruel,86076
2008,Castilla-La Mancha,Toledo,415569
2008,C. Valenciana,Valencia,1644743
2008,Castilla y León,Valladolid,344776
2008,País Vasco,Vizcaya,739127
2008,Castilla y León,Zamora,113371
2008,Aragón,Zaragoza,605923
2008,Ceuta,Ceuta,47713
2008,Melilla,Melilla,43166
2009,País Vasco,Álava,206208
2009,Castilla-La Mancha,Albacete,245669
2009,C. Valenciana,Alicante,1206650
2009,Andalucía,Almería,443901
2009,Castilla y León,Ávila,101438
2009,Extremadura,Badajoz,418496
2009,Islas Baleares,Baleares,725908
2009,Cataluña,Barcelona,3525595
2009,Castilla y León,Burgos,234937
2009,Extremadura,Cáceres,248286
2009,Andalucía,Cádiz,787379
2009,C. Valenciana,Castellón,386767
2009,Castilla-La Mancha,Ciudad Real,320701
2009,Andalucía,Córdoba,489544
2009,Galicia,"Coruña, A",725674
2009,Castilla-La Mancha,Cuenca,128586
2009,Cataluña,Gerona,479017
2009,Andalucía,Granada,566946
2009,Castilla-La Mancha,Guadalajara,157850
2009,País Vasco,Guipúzcoa,448040
2009,Andalucía,Huelva,327393
2009,Aragón,Huesca,139997
2009,Andalucía,Jaén,399546
2009,Castilla y León,León,302865
2009,Cataluña,Lérida,275231
2009,La Rioja,"Rioja, La",203495
2009,Galicia,Lugo,209105
2009,Madrid,Madrid,4210164
2009,Andalucía,Málaga,1016411
2009,Murcia,Murcia,915147
2009,Navarra,Navarra,397974
2009,Galicia,Orense,194236
2009,Asturias,Asturias,695075
2009,Castilla y León,Palencia,107073
2009,Canarias,"Palmas, Las",728187
2009,Galicia,Pontevedra,613281
2009,Castilla y León,Salamanca,213163
2009,Canarias,"Tenerife, S.C.",676238
2009,Cantabria,Cantabria,380013
2009,Castilla y León,Segovia,100218
2009,Andalucía,Sevilla,1203748
2009,Castilla y León,Soria,55519
2009,Cataluña,Tarragona,514762
2009,Aragón,Teruel,86688
2009,Castilla-La Mancha,Toledo,428685
2009,C. Valenciana,Valencia,1660334
2009,Castilla y León,Valladolid,344544
2009,País Vasco,Vizcaya,739357
2009,Castilla y León,Zamora,112383
2009,Aragón,Zaragoza,614447
2009,Ceuta,Ceuta,48563
2009,Melilla,Melilla,44408
2010,País Vasco,Álava,206748
2010,Castilla-La Mancha,Albacete,246314
2010,C. Valenciana,Alicante,1203705
2010,Andalucía,Almería,451109
2010,Castilla y León,Ávila,101427
2010,Extremadura,Badajoz,421117
2010,Islas Baleares,Baleares,730140
2010,Cataluña,Barcelona,3515037
2010,Castilla y León,Burgos,233508
2010,Extremadura,Cáceres,249565
2010,Andalucía,Cádiz,790375
2010,C. Valenciana,Castellón,386409
2010,Castilla-La Mancha,Ciudad Real,322706
2010,Andalucía,Córdoba,490548
2010,Galicia,"Coruña, A",722693
2010,Castilla-La Mancha,Cuenca,129038
2010,Cataluña,Gerona,478883
2010,Andalucía,Granada,572646
2010,Castilla-La Mancha,Guadalajara,160861
2010,País Vasco,Guipúzcoa,444905
2010,Andalucía,Huelva,329903
2010,Aragón,Huesca,139817
2010,Andalucía,Jaén,401945
2010,Castilla y León,León,302385
2010,Cataluña,Lérida,276245
2010,La Rioja,"Rioja, La",202625
2010,Galicia,Lugo,208192
2010,Madrid,Madrid,4228672
2010,Andalucía,Málaga,1022642
2010,Murcia,Murcia,922336
2010,Navarra,Navarra,399957
2010,Galicia,Orense,193790
2010,Asturias,Asturias,691584
2010,Castilla y León,Palencia,106449
2010,Canarias,"Palmas, Las",730903
2010,Galicia,Pontevedra,612351
2010,Castilla y León,Salamanca,211868
2010,Canarias,"Tenerife, S.C.",678840
2010,Cantabria,Cantabria,380422
2010,Castilla y León,Segovia,99492
2010,Andalucía,Sevilla,1210946
2010,Castilla y León,Soria,55706
2010,Cataluña,Tarragona,513416
2010,Aragón,Teruel,85465
2010,Castilla-La Mancha,Toledo,433360
2010,C. Valenciana,Valencia,1655656
2010,Castilla y León,Valladolid,342447
2010,País Vasco,Vizcaya,734508
2010,Castilla y León,Zamora,111440
2010,Aragón,Zaragoza,612930
2010,Ceuta,Ceuta,49948
2010,Melilla,Melilla,46125
2011,País Vasco,Álava,205869
2011,Castilla-La Mancha,Albacete,247014
2011,C. Valenciana,Alicante,1201085
2011,Andalucía,Almería,455313
2011,Castilla y León,Ávila,101781
2011,Extremadura,Badajoz,423543
2011,Islas Baleares,Baleares,732061
2011,Cataluña,Barcelona,3498698
2011,Castilla y León,Burgos,232748
2011,Extremadura,Cáceres,250517
2011,Andalucía,Cádiz,792750
2011,C. Valenciana,Castellón,384293
2011,Castilla-La Mancha,Ciudad Real,323434
2011,Andalucía,Córdoba,491299
2011,Galicia,"Coruña, A",718141
2011,Castilla-La Mancha,Cuenca,130317
2011,Cataluña,Gerona,477696
2011,Andalucía,Granada,576816
2011,Castilla-La Mancha,Guadalajara,163526
2011,País Vasco,Guipúzcoa,441377
2011,Andalucía,Huelva,332353
2011,Aragón,Huesca,139215
2011,Andalucía,Jaén,403812
2011,Castilla y León,León,301091
2011,Cataluña,Lérida,276874
2011,La Rioja,"Rioja, La",201434
2011,Galicia,Lugo,206773
2011,Madrid,Madrid,4220491
2011,Andalucía,Málaga,1028913
2011,Murcia,Murcia,923951
2011,Navarra,Navarra,400399
2011,Galicia,Orense,191796
2011,Asturias,Asturias,685320
2011,Castilla y León,Palencia,105765
2011,Canarias,"Palmas, Las",733766
2011,Galicia,Pontevedra,609220
2011,Castilla y León,Salamanca,210564
2011,Canarias,"Tenerife, S.C.",677771
2011,Cantabria,Cantabria,379233
2011,Castilla y León,Segovia,99435
2011,Andalucía,Sevilla,1214353
2011,Castilla y León,Soria,55722
2011,Cataluña,Tarragona,511487
2011,Aragón,Teruel,85140
2011,Castilla-La Mancha,Toledo,439030
2011,C. Valenciana,Valencia,1643553
2011,Castilla y León,Valladolid,340175
2011,País Vasco,Vizcaya,730206
2011,Castilla y León,Zamora,110960
2011,Aragón,Zaragoza,608943
2011,Ceuta,Ceuta,51141
2011,Melilla,Melilla,47690
2012,País Vasco,Álava,206163
2012,Castilla-La Mancha,Albacete,248087
2012,C. Valenciana,Alicante,1200895
2012,Andalucía,Almería,453604
2012,Castilla y León,Ávila,101133
2012,Extremadura,Badajoz,425766
2012,Islas Baleares,Baleares,733314
2012,Cataluña,Barcelona,3493087
2012,Castilla y León,Burgos,231380
2012,Extremadura,Cáceres,249806
2012,Andalucía,Cádiz,792956
2012,C. Valenciana,Castellón,383196
2012,Castilla-La Mancha,Ciudad Real,324826
2012,Andalucía,Córdoba,492126
2012,Galicia,"Coruña, A",710975
2012,Castilla-La Mancha,Cuenca,130477
2012,Cataluña,Gerona,478352
2012,Andalucía,Granada,575714
2012,Castilla-La Mancha,Guadalajara,165481
2012,País Vasco,Guipúzcoa,438914
2012,Andalucía,Huelva,333262
2012,Aragón,Huesca,138371
2012,Andalucía,Jaén,407119
2012,Castilla y León,León,298677
2012,Cataluña,Lérida,276355
2012,La Rioja,"Rioja, La",201012
2012,Galicia,Lugo,204782
2012,Madrid,Madrid,4200551
2012,Andalucía,Málaga,1035340
2012,Murcia,Murcia,924101
2012,Navarra,Navarra,399504
2012,Galicia,Orense,189321
2012,Asturias,Asturias,678581
2012,Castilla y León,Palencia,105100
2012,Canarias,"Palmas, Las",735494
2012,Galicia,Pontevedra,602307
2012,Castilla y León,Salamanca,208641
2012,Canarias,"Tenerife, S.C.",665219
2012,Cantabria,Cantabria,377539
2012,Castilla y León,Segovia,99233
2012,Andalucía,Sevilla,1219710
2012,Castilla y León,Soria,55292
2012,Cataluña,Tarragona,510374
2012,Aragón,Teruel,84817
2012,Castilla-La Mancha,Toledo,441673
2012,C. Valenciana,Valencia,1638556
2012,Castilla y León,Valladolid,337722
2012,País Vasco,Vizcaya,726577
2012,Castilla y León,Zamora,110118
2012,Aragón,Zaragoza,609627
2012,Ceuta,Ceuta,52171
2012,Melilla,Melilla,49454
2013,País Vasco,Álava,202969
2013,Castilla-La Mancha,Albacete,246555
2013,C. Valenciana,Alicante,1194721
2013,Andalucía,Almería,448850
2013,Castilla y León,Ávila,99333
2013,Extremadura,Badajoz,426061
2013,Islas Baleares,Baleares,725342
2013,Cataluña,Barcelona,3463167
2013,Castilla y León,Burgos,227824
2013,Extremadura,Cáceres,248617
2013,Andalucía,Cádiz,786918
2013,C. Valenciana,Castellón,379331
2013,Castilla-La Mancha,Ciudad Real,321789
2013,Andalucía,Córdoba,491768
2013,Galicia,"Coruña, A",703068
2013,Castilla-La Mancha,Cuenca,126794
2013,Cataluña,Gerona,475742
2013,Andalucía,Granada,572911
2013,Castilla-La Mancha,Guadalajara,163758
2013,País Vasco,Guipúzcoa,435982
2013,Andalucía,Huelva,331489
2013,Aragón,Huesca,137203
2013,Andalucía,Jaén,405207
2013,Castilla y León,León,295321
2013,Cataluña,Lérida,273926
2013,La Rioja,"Rioja, La",198717
2013,Galicia,Lugo,202791
2013,Madrid,Madrid,4169259
2013,Andalucía,Málaga,1038287
2013,Murcia,Murcia,919532
2013,Navarra,Navarra,396781
2013,Galicia,Orense,186540
2013,Asturias,Asturias,668373
2013,Castilla y León,Palencia,103626
2013,Canarias,"Palmas, Las",737713
2013,Galicia,Pontevedra,598275
2013,Castilla y León,Salamanca,204996
2013,Canarias,"Tenerife, S.C.",663674
2013,Cantabria,Cantabria,374149
2013,Castilla y León,Segovia,97806
2013,Andalucía,Sevilla,1218610
2013,Castilla y León,Soria,54404
2013,Cataluña,Tarragona,504505
2013,Aragón,Teruel,83921
2013,Castilla-La Mancha,Toledo,437369
2013,C. Valenciana,Valencia,1620455
2013,Castilla y León,Valladolid,333478
2013,País Vasco,Vizcaya,719668
2013,Castilla y León,Zamora,108167
2013,Aragón,Zaragoza,607653
2013,Ceuta,Ceuta,52354
2013,Melilla,Melilla,51220
2014,País Vasco,Álava,200971
2014,Castilla-La Mancha,Albacete,243938
2014,C. Valenciana,Alicante,1148660
2014,Andalucía,Almería,448508
2014,Castilla y León,Ávila,97876
2014,Extremadura,Badajoz,424081
2014,Islas Baleares,Baleares,716439
2014,Cataluña,Barcelona,3423132
2014,Castilla y León,Burgos,223226
2014,Extremadura,Cáceres,247866
2014,Andalucía,Cádiz,784751
2014,C. Valenciana,Castellón,366427
2014,Castilla-La Mancha,Ciudad Real,317872
2014,Andalucía,Córdoba,489061
2014,Galicia,"Coruña, A",694134
2014,Castilla-La Mancha,Cuenca,123542
2014,Cataluña,Gerona,468558
2014,Andalucía,Granada,571443
2014,Castilla-La Mancha,Guadalajara,161158
2014,País Vasco,Guipúzcoa,432564
2014,Andalucía,Huelva,329178
2014,Aragón,Huesca,135412
2014,Andalucía,Jaén,401869
2014,Castilla y León,León,290792
2014,Cataluña,Lérida,270435
2014,La Rioja,"Rioja, La",195155
2014,Galicia,Lugo,200419
2014,Madrid,Madrid,4102512
2014,Andalucía,Málaga,1016717
2014,Murcia,Murcia,912621
2014,Navarra,Navarra,390698
2014,Galicia,Orense,183075
2014,Asturias,Asturias,658557
2014,Castilla y León,Palencia,102229
2014,Canarias,"Palmas, Las",734032
2014,Galicia,Pontevedra,591402
2014,Castilla y León,Salamanca,202267
2014,Canarias,"Tenerife, S.C.",657816
2014,Cantabria,Cantabria,368900
2014,Castilla y León,Segovia,95928
2014,Andalucía,Sevilla,1213002
2014,Castilla y León,Soria,53746
2014,Cataluña,Tarragona,494118
2014,Aragón,Teruel,82662
2014,Castilla-La Mancha,Toledo,430368
2014,C. Valenciana,Valencia,1596634
2014,Castilla y León,Valladolid,327804
2014,País Vasco,Vizcaya,709424
2014,Castilla y León,Zamora,106017
2014,Aragón,Zaragoza,589017
2014,Ceuta,Ceuta,52818
2014,Melilla,Melilla,51385
2015,País Vasco,Álava,199636
2015,Castilla-La Mancha,Albacete,242197
2015,C. Valenciana,Alicante,1134954
2015,Andalucía,Almería,446289
2015,Castilla y León,Ávila,96264
2015,Extremadura,Badajoz,421368
2015,Islas Baleares,Baleares,714558
2015,Cataluña,Barcelona,3401265
2015,Castilla y León,Burgos,219913
2015,Extremadura,Cáceres,246240
2015,Andalucía,Cádiz,782125
2015,C. Valenciana,Castellón,360284
2015,Castilla-La Mancha,Ciudad Real,313796
2015,Andalucía,Córdoba,486202
2015,Galicia,"Coruña, A",685245
2015,Castilla-La Mancha,Cuenca,120909
2015,Cataluña,Gerona,464179
2015,Andalucía,Granada,569004
2015,Castilla-La Mancha,Guadalajara,159230
2015,País Vasco,Guipúzcoa,429701
2015,Andalucía,Huelva,328512
2015,Aragón,Huesca,133601
2015,Andalucía,Jaén,399588
2015,Castilla y León,León,286238
2015,Cataluña,Lérida,267927
2015,La Rioja,"Rioja, La",192659
2015,Galicia,Lugo,197617
2015,Madrid,Madrid,4056167
2015,Andalucía,Málaga,1015969
2015,Murcia,Murcia,908711
2015,Navarra,Navarra,387768
2015,Galicia,Orense,179650
2015,Asturias,Asturias,646295
2015,Castilla y León,Palencia,100811
2015,Canarias,"Palmas, Las",731131
2015,Galicia,Pontevedra,584347
2015,Castilla y León,Salamanca,199185
2015,Canarias,"Tenerife, S.C.",654942
2015,Cantabria,Cantabria,363611
2015,Castilla y León,Segovia,94438
2015,Andalucía,Sevilla,1208730
2015,Castilla y León,Soria,52821
2015,Cataluña,Tarragona,486379
2015,Aragón,Teruel,81766
2015,Castilla-La Mancha,Toledo,424448
2015,C. Valenciana,Valencia,1583491
2015,Castilla y León,Valladolid,322517
2015,País Vasco,Vizcaya,701535
2015,Castilla y León,Zamora,104469
2015,Aragón,Zaragoza,582753
2015,Ceuta,Ceuta,52084
2015,Melilla,Melilla,51898
2016,País Vasco,Álava,197815
2016,Castilla-La Mancha,Albacete,240542
2016,C. Valenciana,Alicante,1122022
2016,Andalucía,Almería,447442
2016,Castilla y León,Ávila,94735
2016,Extremadura,Badajoz,420217
2016,Islas Baleares,Baleares,714190
2016,Cataluña,Barcelona,3400438
2016,Castilla y León,Burgos,216550
2016,Extremadura,Cáceres,244630
2016,Andalucía,Cádiz,780083
2016,C. Valenciana,Castellón,356413
2016,Castilla-La Mancha,Ciudad Real,309114
2016,Andalucía,Córdoba,484384
2016,Galicia,"Coruña, A",678109
2016,Castilla-La Mancha,Cuenca,119179
2016,Cataluña,Gerona,462002
2016,Andalucía,Granada,567730
2016,Castilla-La Mancha,Guadalajara,158003
2016,País Vasco,Guipúzcoa,427135
2016,Andalucía,Huelva,327251
2016,Aragón,Huesca,132236
2016,Andalucía,Jaén,397644
2016,Castilla y León,León,281158
2016,Cataluña,Lérida,265869
2016,La Rioja,"Rioja, La",190887
2016,Galicia,Lugo,195256
2016,Madrid,Madrid,4052330
2016,Andalucía,Málaga,1014732
2016,Murcia,Murcia,904882
2016,Navarra,Navarra,385675
2016,Galicia,Orense,176647
2016,Asturias,Asturias,636386
2016,Castilla y León,Palencia,99473
2016,Canarias,"Palmas, Las",729325
2016,Galicia,Pontevedra,578529
2016,Castilla y León,Salamanca,196233
2016,Canarias,"Tenerife, S.C.",655071
2016,Cantabria,Cantabria,359023
2016,Castilla y León,Segovia,93168
2016,Andalucía,Sevilla,1205416
2016,Castilla y León,Soria,52068
2016,Cataluña,Tarragona,481965
2016,Aragón,Teruel,80459
2016,Castilla-La Mancha,Toledo,419924
2016,C. Valenciana,Valencia,1576345
2016,Castilla y León,Valladolid,318006
2016,País Vasco,Vizcaya,695938
2016,Castilla y León,Zamora,102460
2016,Aragón,Zaragoza,575379
2016,Ceuta,Ceuta,52044
2016,Melilla,Melilla,52059
2017,País Vasco,Álava,197802
2017,Castilla-La Mancha,Albacete,239318
2017,C. Valenciana,Alicante,1112362
2017,Andalucía,Almería,447577
2017,Castilla y León,Ávila,93445
2017,Extremadura,Badajoz,416901
2017,Islas Baleares,Baleares,718442
2017,Cataluña,Barcelona,3410928
2017,Castilla y León,Burgos,213398
2017,Extremadura,Cáceres,242136
2017,Andalucía,Cádiz,776449
2017,C. Valenciana,Castellón,351908
2017,Castilla-La Mancha,Ciudad Real,305832
2017,Andalucía,Córdoba,481826
2017,Galicia,"Coruña, A",672080
2017,Castilla-La Mancha,Cuenca,117791
2017,Cataluña,Gerona,461353
2017,Andalucía,Granada,565403
2017,Castilla-La Mancha,Guadalajara,157912
2017,País Vasco,Guipúzcoa,425339
2017,Andalucía,Huelva,325872
2017,Aragón,Huesca,131149
2017,Andalucía,Jaén,395205
2017,Castilla y León,León,276680
2017,Cataluña,Lérida,263797
2017,La Rioja,"Rioja, La",189708
2017,Galicia,Lugo,192961
2017,Madrid,Madrid,4058324
2017,Andalucía,Málaga,1013318
2017,Murcia,Murcia,905963
2017,Navarra,Navarra,385790
2017,Galicia,Orense,174010
2017,Asturias,Asturias,627081
2017,Castilla y León,Palencia,98368
2017,Canarias,"Palmas, Las",730399
2017,Galicia,Pontevedra,574385
2017,Castilla y León,Salamanca,194075
2017,Canarias,"Tenerife, S.C.",656368
2017,Cantabria,Cantabria,355315
2017,Castilla y León,Segovia,92043
2017,Andalucía,Sevilla,1200688
2017,Castilla y León,Soria,51457
2017,Cataluña,Tarragona,479174
2017,Aragón,Teruel,79438
2017,Castilla-La Mancha,Toledo,417360
2017,C. Valenciana,Valencia,1565681
2017,Castilla y León,Valladolid,313987
2017,País Vasco,Vizcaya,692628
2017,Castilla y León,Zamora,100590
2017,Aragón,Zaragoza,574321
2017,Ceuta,Ceuta,52176
2017,Melilla,Melilla,51919
2018,País Vasco,Álava,197691
2018,Castilla-La Mancha,Albacete,238133
2018,C. Valenciana,Alicante,1115961
2018,Andalucía,Almería,447538
2018,Castilla y León,Ávila,91799
2018,Extremadura,Badajoz,414050
2018,Islas Baleares,Baleares,725987
2018,Cataluña,Barcelona,3423593
2018,Castilla y León,Burgos,211686
2018,Extremadura,Cáceres,239097
2018,Andalucía,Cádiz,772452
2018,C. Valenciana,Castellón,351434
2018,Castilla-La Mancha,Ciudad Real,303225
2018,Andalucía,Córdoba,479117
2018,Galicia,"Coruña, A",666834
2018,Castilla-La Mancha,Cuenca,116785
2018,Cataluña,Gerona,463853
2018,Andalucía,Granada,564234
2018,Castilla-La Mancha,Guadalajara,158229
2018,País Vasco,Guipúzcoa,423999
2018,Andalucía,Huelva,326205
2018,Aragón,Huesca,130476
2018,Andalucía,Jaén,391566
2018,Castilla y León,León,272514
2018,Cataluña,Lérida,263013
2018,La Rioja,"Rioja, La",189291
2018,Galicia,Lugo,190844
2018,Madrid,Madrid,4089450
2018,Andalucía,Málaga,1016507
2018,Murcia,Murcia,909657
2018,Navarra,Navarra,387059
2018,Galicia,Orense,171804
2018,Asturias,Asturias,617956
2018,Castilla y León,Palencia,96947
2018,Canarias,"Palmas, Las",734813
2018,Galicia,Pontevedra,570197
2018,Castilla y León,Salamanca,192232
2018,Canarias,"Tenerife, S.C.",662687
2018,Cantabria,Cantabria,352783
2018,Castilla y León,Segovia,91466
2018,Andalucía,Sevilla,1197215
2018,Castilla y León,Soria,51148
2018,Cataluña,Tarragona,479747
2018,Aragón,Teruel,78784
2018,Castilla-La Mancha,Toledo,416698
2018,C. Valenciana,Valencia,1564131
2018,Castilla y León,Valladolid,311053
2018,País Vasco,Vizcaya,689563
2018,Castilla y León,Zamora,98480
2018,Aragón,Zaragoza,572418
2018,Ceuta,Ceuta,52278
2018,Melilla,Melilla,51939
2019,País Vasco,Álava,198373
2019,Castilla-La Mancha,Albacete,237648
2019,C. Valenciana,Alicante,1126713
2019,Andalucía,Almería,451518
2019,Castilla y León,Ávila,91054
2019,Extremadura,Badajoz,411619
2019,Islas Baleares,Baleares,740355
2019,Cataluña,Barcelona,3456615
2019,Castilla y León,Burgos,210542
2019,Extremadura,Cáceres,236988
2019,Andalucía,Cádiz,770368
2019,C. Valenciana,Castellón,352780
2019,Castilla-La Mancha,Ciudad Real,300513
2019,Andalucía,Córdoba,476562
2019,Galicia,"Coruña, A",663929
2019,Castilla-La Mancha,Cuenca,116521
2019,Cataluña,Gerona,469128
2019,Andalucía,Granada,565225
2019,Castilla-La Mancha,Guadalajara,160048
2019,País Vasco,Guipúzcoa,424225
2019,Andalucía,Huelva,327297
2019,Aragón,Huesca,130956
2019,Andalucía,Jaén,388229
2019,Castilla y León,León,268912
2019,Cataluña,Lérida,263786
2019,La Rioja,"Rioja, La",189462
2019,Galicia,Lugo,188881
2019,Madrid,Madrid,4137095
2019,Andalucía,Málaga,1027956
2019,Murcia,Murcia,918840
2019,Navarra,Navarra,390437
2019,Galicia,Orense,170100
2019,Asturias,Asturias,609779
2019,Castilla y León,Palencia,95617
2019,Canarias,"Palmas, Las",742203
2019,Galicia,Pontevedra,568152
2019,Castilla y León,Salamanca,190842
2019,Canarias,"Tenerife, S.C.",672038
2019,Cantabria,Cantabria,351242
2019,Castilla y León,Segovia,91320
2019,Andalucía,Sevilla,1195328
2019,Castilla y León,Soria,51127
2019,Cataluña,Tarragona,484098
2019,Aragón,Teruel,78427
2019,Castilla-La Mancha,Toledo,421104
2019,C. Valenciana,Valencia,1570832
2019,Castilla y León,Valladolid,308856
2019,País Vasco,Vizcaya,688423
2019,Castilla y León,Zamora,96907
2019,Aragón,Zaragoza,578041
2019,Ceuta,Ceuta,52023
2019,Melilla,Melilla,52007
2020,País Vasco,Álava,198978
2020,Castilla-La Mancha,Albacete,238018
2020,C. Valenciana,Alicante,1139374
2020,Andalucía,Almería,457956
2020,Castilla y León,Ávila,90838
2020,Extremadura,Badajoz,410587
2020,Islas Baleares,Baleares,756163
2020,Cataluña,Barcelona,3511690
2020,Castilla y León,Burgos,210180
2020,Extremadura,Cáceres,234854
2020,Andalucía,Cádiz,771181
2020,C. Valenciana,Castellón,356029
2020,Castilla-La Mancha,Ciudad Real,300216
2020,Andalucía,Córdoba,474852
2020,Galicia,"Coruña, A",662543
2020,Castilla-La Mancha,Cuenca,116995
2020,Cataluña,Gerona,475416
2020,Andalucía,Granada,567334
2020,Castilla-La Mancha,Guadalajara,162873
2020,País Vasco,Guipúzcoa,425666
2020,Andalucía,Huelva,328454
2020,Aragón,Huesca,132361
2020,Andalucía,Jaén,386915
2020,Castilla y León,León,265480
2020,Cataluña,Lérida,265739
2020,La Rioja,"Rioja, La",191117
2020,Galicia,Lugo,187237
2020,Madrid,Madrid,4215657
2020,Andalucía,Málaga,1042378
2020,Murcia,Murcia,930276
2020,Navarra,Navarra,394319
2020,Galicia,Orense,169042
2020,Asturias,Asturias,603360
2020,Castilla y León,Palencia,94654
2020,Canarias,"Palmas, Las",749594
2020,Galicia,Pontevedra,567844
2020,Castilla y León,Salamanca,189814
2020,Canarias,"Tenerife, S.C.",680261
2020,Cantabria,Cantabria,350739
2020,Castilla y León,Segovia,91432
2020,Andalucía,Sevilla,1199185
2020,Castilla y León,Soria,51359
2020,Cataluña,Tarragona,490988
2020,Aragón,Teruel,78557
2020,Castilla-La Mancha,Toledo,426484
2020,C. Valenciana,Valencia,1586773
2020,Castilla y León,Valladolid,308055
2020,País Vasco,Vizcaya,691261
2020,Castilla y León,Zamora,95395
2020,Aragón,Zaragoza,582445
2020,Ceuta,Ceuta,51695
2020,Melilla,Melilla,52147
2021,País Vasco,Álava,198216
2021,Castilla-La Mancha,Albacete,237644
2021,C. Valenciana,Alicante,1139937
2021,Andalucía,Almería,459604
2021,Castilla y León,Ávila,91627
2021,Extremadura,Badajoz,409336
2021,Islas Baleares,Baleares,755255
2021,Cataluña,Barcelona,3497821
2021,Castilla y León,Burgos,209223
2021,Extremadura,Cáceres,233573
2021,Andalucía,Cádiz,771691
2021,C. Valenciana,Castellón,356622
2021,Castilla-La Mancha,Ciudad Real,299845
2021,Andalucía,Córdoba,471709
2021,Galicia,"Coruña, A",659456
2021,Castilla-La Mancha,Cuenca,117390
2021,Cataluña,Gerona,478341
2021,Andalucía,Granada,569580
2021,Castilla-La Mancha,Guadalajara,165773
2021,País Vasco,Guipúzcoa,424415
2021,Andalucía,Huelva,328920
2021,Aragón,Huesca,133634
2021,Andalucía,Jaén,385086
2021,Castilla y León,León,262359
2021,Cataluña,Lérida,266574
2021,La Rioja,"Rioja, La",190822
2021,Galicia,Lugo,185573
2021,Madrid,Madrid,4201225
2021,Andalucía,Málaga,1047935
2021,Murcia,Murcia,935190
2021,Navarra,Navarra,394345
2021,Galicia,Orense,168130
2021,Asturias,Asturias,596300
2021,Castilla y León,Palencia,93440
2021,Canarias,"Palmas, Las",747475
2021,Galicia,Pontevedra,565545
2021,Castilla y León,Salamanca,188864
2021,Canarias,"Tenerife, S.C.",679010
2021,Cantabria,Cantabria,350763
2021,Castilla y León,Segovia,91987
2021,Andalucía,Sevilla,1197241
2021,Castilla y León,Soria,51636
2021,Cataluña,Tarragona,494173
2021,Aragón,Teruel,79057
2021,Castilla-La Mancha,Toledo,431529
2021,C. Valenciana,Valencia,1584105
2021,Castilla y León,Valladolid,306606
2021,País Vasco,Vizcaya,686006
2021,Castilla y León,Zamora,94384
2021,Aragón,Zaragoza,578554
2021,Ceuta,Ceuta,51439
2021,Melilla,Melilla,51789
2022,País Vasco,Álava,197716
2022,Castilla-La Mancha,Albacete,237025
2022,C. Valenciana,Alicante,1148829
2022,Andalucía,Almería,464984
2022,Castilla y León,Ávila,91134
2022,Extremadura,Badajoz,407094
2022,Islas Baleares,Baleares,754802
2022,Cataluña,Barcelona,3503649
2022,Castilla y León,Burgos,207692
2022,Extremadura,Cáceres,231702
2022,Andalucía,Cádiz,771236
2022,C. Valenciana,Castellón,358429
2022,Castilla-La Mancha,Ciudad Real,298282
2022,Andalucía,Córdoba,467855
2022,Galicia,"Coruña, A",656131
2022,Castilla-La Mancha,Cuenca,117112
2022,Cataluña,Gerona,482091
2022,Andalucía,Granada,568552
2022,Castilla-La Mancha,Guadalajara,167355
2022,País Vasco,Guipúzcoa,422052
2022,Andalucía,Huelva,331016
2022,Aragón,Huesca,134166
2022,Andalucía,Jaén,381995
2022,Castilla y León,León,258422
2022,Cataluña,Lérida,267382
2022,La Rioja,"Rioja, La",190169
2022,Galicia,Lugo,183328
2022,Madrid,Madrid,4190203
2022,Andalucía,Málaga,1059748
2022,Murcia,Murcia,943793
2022,Navarra,Navarra,394803
2022,Galicia,Orense,166930
2022,Asturias,Asturias,587377
2022,Castilla y León,Palencia,92015
2022,Canarias,"Palmas, Las",746744
2022,Galicia,Pontevedra,562605
2022,Castilla y León,Salamanca,187018
2022,Canarias,"Tenerife, S.C.",680052
2022,Cantabria,Cantabria,349478
2022,Castilla y León,Segovia,91843
2022,Andalucía,Sevilla,1196864
2022,Castilla y León,Soria,51304
2022,Cataluña,Tarragona,498113
2022,Aragón,Teruel,78748
2022,Castilla-La Mancha,Toledo,433338
2022,C. Valenciana,Valencia,1593601
2022,Castilla y León,Valladolid,303867
2022,País Vasco,Vizcaya,680078
2022,Castilla y León,Zamora,92999
2022,Aragón,Zaragoza,576511
2022,Ceuta,Ceuta,51147
2022,Melilla,Melilla,51380
